{
  "I": {
    "experiment": "I",
    "2d_mean": [
      0.0,
      0.0
    ],
    "2d_variance": [
      [
        2.0,
        0.5
      ],
      [
        0.5,
        1.0
      ]
    ],
    "3d_transform": [
      [
        1.0,
        0.5
      ],
      [
        0.3,
        1.0
      ],
      [
        0.2,
        0.8
      ]
    ],
    "3d_mean": [
      0.07887866130446776,
      0.05955592884768896,
      0.0453341220484748
    ],
    "3d_std": [
      1.5740957218128502,
      1.2102998615685177,
      0.9355438794047182
    ],
    "n_samples": 1000
  },
  "II": {
    "experiment": "II",
    "gmm_means": [
      [
        1.490142459033698,
        -0.41479290351355397
      ],
      [
        1.9430656143020775,
        4.569089569224076
      ],
      [
        -0.7024601241700079,
        -0.7024108708475416
      ]
    ],
    "3d_transform": [
      [
        1.0,
        0.5
      ],
      [
        0.3,
        1.0
      ],
      [
        0.2,
        0.8
      ]
    ],
    "3d_mean": [
      1.5408368068469969,
      1.4992441043359452,
      1.1621616479544494
    ],
    "3d_std": [
      2.970896325105066,
      3.1732131540848743,
      2.4913069534482615
    ],
    "n_samples": 999
  },
  "III": {
    "experiment": "III",
    "2d_mean": [
      0.0,
      0.0
    ],
    "2d_variance": [
      [
        2.0,
        0.5
      ],
      [
        0.5,
        1.0
      ]
    ],
    "3d_mean": [
      0.09966688603162766,
      0.1845877766609192,
      0.012569858692586422
    ],
    "3d_std": [
      0.009824274107813835,
      0.02639743871986866,
      0.015149170532822609
    ],
    "n_samples": 1000,
    "transform": "MLP"
  },
  "IV": {
    "experiment": "IV",
    "gmm_means": [
      [
        1.490142459033698,
        -0.41479290351355397
      ],
      [
        1.9430656143020775,
        4.569089569224076
      ],
      [
        -0.7024601241700079,
        -0.7024108708475416
      ]
    ],
    "3d_mean": [
      -0.15424033999443054,
      0.2163008451461792,
      -0.12192363291978836
    ],
    "3d_std": [
      0.016553392633795738,
      0.0037729369942098856,
      0.010322144255042076
    ],
    "n_samples": 999,
    "transform": "MLP"
  }
}